year,address,lat,long
2014,"MANSFIELD, WV",39.1500974,-80.0536915
2014,"2096 KELLY ISLAND ROAD, MARTINSBURG, WV 25405",39.40870070694041,-77.97559490831276
2014,"580 NEEDY ROAD, MARTINSBURG, WV 25405",39.42306205938388,-77.91692741399322
2014,"2030 BACK CREEK VALLEY ROAD, HEDGESVILLE, WV 25427",39.40741858409234,-78.14869702414069
2014,"180 LORY CHURCH ROAD, JULIAN, WV 25529",38.13598774218406,-81.8349606743418
2014,"404 Riverside Drive, Madison, WV 25130",38.07286755034846,-81.82633058780851
2014,"9846 COAL RIVER ROAD, SETH, WV 25181",38.1353131,-81.6344731
2014,"37949 COAL RIVER ROAD, WHITESVILLE, WV 25209",37.9821787142169,-81.53613107565525
2014,"12165 Chap Road, Bandytown, WV 25505",37.941270676212696,-81.64018409319112
2014,"1 BRADLEY FOSTER DR, HUNTINGTON, WV 25701",38.387335862377995,-82.45739767936402
2014,"1524 10TH AVE, HUNTINGTON, WV 25701",38.414022102462525,-82.43212134099235
2014,"1 CAMPBELL DR, HUNTINGTON, WV 25705",38.41023940615776,-82.37409379616525
2014,"68 HOLLEY AVE, HUNTINGTON, WV 25701",38.40320213717473,-82.38642815410617
2014,"607 5TH AVE, HUNTINGTON, WV 25702",38.42709256673078,-82.38401899757889
2014,"1 PANTHER TRAIL, MILTON, WV 25541",38.4360865,-82.1495316
2014,"1 PANTHER TRL, MILTON, WV 25541",38.4360865,-82.1495316
2014,"6040 BOOTEN CREEK RD, BARBOURSVILLE, WV 25504",38.39513556400101,-82.31986134131284
2014,"930 2ND ST, HUNTINGTON, WV 25701",38.410727624326,-82.45355745948478
2014,"RT 1, OXFORD, WEST UNION, WV 26456",39.231490458733106,-80.85237328106831
2014,"3950 SUMMERLEE RD, OAK HILL, WV 25901",37.99971319936731,-81.13579874648775
2014,"5094 GATEWOOD RD, FAYETTEVILLE, WV 25840",38.007209881415974,-81.06491561610522
2014,"93 HAMBRICK RD, SCARBRO, WV 25917",37.95865759816803,-81.1640403781173
2014,"3249 E. MAIN ST, OAK HILL, WV 25901",38.00139047457492,-81.13130919811493
2014,"601 JONES AVE, OAK HILL, WV 25901",37.975556790297276,-81.1572773087517
2014,"123 ELMORE ST, OAK HILL, WV 25901",37.98537613282639,-81.14283763066948
2014,"469 CENTRAL AVE, OAK HILL, WV 25901",37.97665118877386,-81.14874111126241
2014,"408 LINCOLN ST, MOUNT HOPE, WV 25880",37.894195594596226,-81.16422959432418
2014,"158 MICHIGAN AVE, SMITHERS, WV 25186",38.175631425038375,-81.30493105225827
2014,"5407 MIDLAND TRAIL, FALLS VIEW, WV 25040",38.12762802328416,-81.24978914746816
2014,"140 WALNUT ST, GAULEY BRIDGE, WV 25085",38.16779996365865,-81.19577357649288
2014,"12588 DEEPWATER MTN RD, ROBSON, WV 25173",38.09777507481948,-81.2489109044106
2014,"3319 ARMSTRONG CRK RD, POWELLTON, WV 25161",38.0899647,-81.3149945
2014,"1367 ARMSTRONG CRK RD, KIMBERLY, WV 25118",38.128566670476346,-81.30337292055134
2014,"95 WISEMAN AVE, FAYETTEVILLE, WV 25840",38.0522186,-81.1058942
2014,"129 HIGH ST, FAYETTEVILLE, WV 25840",38.0548735053394,-81.10909307569545
2014,"26719 MIDLAND TRAIL, HICO, WV 25854",38.1168897,-81.0051691
2014,"47 CHURCH ST, ANSTED, WV 25812",38.134642,-81.098497
2014,"27 SCHOOL ST, ANSTED, WV 25812",38.1350571,-81.091161
2014,"28895 MIDLAND TRAIL, HICO, WV 25854",38.1168897,-81.0051691
2014,"804 MEADOW BRIDGE RD, MEADOW BRIDGE, WV 25976",37.86643324185775,-80.85934837299402
2014,"1487 CORLISS RD, RAINELLE, WV 25962",38.02649823286691,-80.87347704311497
2014,"MAIN STREET, WV",37.7349943,-81.1266073
2014,"VAGO, WV",37.8828986,-80.3722963
2014,"US 219, WV",39.1637909,-79.4932286
2014,"200 NORTH COURT STREET, LEWISBURG, WV 24901",37.796708405179174,-80.45301191879452
2014,"214 EAST WASHINGTON ST, LEWISBURG, WV 24901",37.80101375848096,-80.44436311486572
2014,"CRAIG RD, WV",37.935954,-80.733499
2014,"701 KANAWHA AVENUE, RAINELLE, WV",37.9687286,-80.7684315
2014,"280 SCHOOL ST, ROMNEY, WV 26757",39.34578069749119,-78.76241407834834
2014,"99 GREEN PARK ST, WV",38.421433916344995,-82.30016246472263
2014,"300 SCHOOL STREET, WEIRTON, WV 26062",40.41798419606147,-80.57043069644271
2014,"3428 PENNSYLVANIA AVENUE, WEIRTON, WV 26062",40.410026836705185,-80.53420217042242
2014,"301 EAST MAIN ST, MEETING ROOM, WARDENSVILLE, WV 26851",39.0803698996703,-78.59204208276736
2014,"43 RECREATION DR, CLARKSBURG, WV 26301",39.25917304636596,-80.38560741901927
2014,"Rt 1, (Pine Bluff), SHINNSTON, WV 26431",39.42134543864728,-80.34479356033108
2014,"Rt 2 Box 202, (Rt 20 Quiet Dell), MT CLARE, WV 46408",39.22097897292065,-80.29440829299762
2014,"JARVISVILLE RD, JARVISVILLE, WV",39.2257523,-80.4944502
2014,"Rt 2 Box 202, (Rt 20 Quiet Dell), MT CLARE, WV 26408",39.22097897292065,-80.29440829299762
2014,"1 WEST SCHOOL ST, RIPLEY, WV 25271",38.8119373,-81.7013057
2014,"706 3RD AVE, MONTGOMERY, WV 25136",38.18074569938341,-81.32846448692965
2014,"8405 MACCORKLE AVE, MARMET, WV 25315",38.25225199448465,-81.57193681319154
2014,"2601 FAIRLAWN AVE, DUNBAR, WV 25064",38.371449235720206,-81.74888612369091
2014,"1900 SCHOOL STREET, CHARLESTON, WV 25312",38.38022799321044,-81.66222653514006
2014,"1606 GARRETTS BEND, SOD, WV 25564",38.3016849919772,-81.90595292666063
2014,"13 ELY FORK ROAD, SUMERCO, WV 25567",38.2146454246743,-81.84894437268554
2014,"5304 STRAIGHT FORK, GRIFFITHSVILLE, WV 25521",38.237361690187356,-81.99441068274695
2014,"2508 STRAIGHT FORK, ALKOL, WV 25501",38.164342740676084,-81.91782402093399
2014,"2873 BULGER ROAD, ALKOL, WV 25501",38.129180506964644,-82.00869550540921
2014,"15 ROSEWOOD ROAD, HARTS, WV 25524",38.05173876104698,-82.01766020044397
2014,"1246 MCCLELLAN HWY, HARTS, WV 25524",38.0240759,-82.1043019
2014,"59 VANATTERS CREEK, RANGER, WV 25557",38.12089327970091,-82.17919563168789
2014,"5312 MCCLELLAN HWY, BRANCHLAND, WV 25506",38.24873760610899,-82.19087625766224
2014,"114 DAIRY ROAD, WEST HAMLIN, WV 25571",38.304309442011224,-82.20334607672321
2014,"200 VANCE STREET, CHAPMANVILLE, WV 25508",37.975743,-82.021194
2014,"155 VETERANS AVE, HENLAWSON, WV 25624",37.90180175118775,-81.990416669144
2014,"CROOKED CREEK ROAD, PEACH CREEK, WV 25639",37.8923665,-81.9641325
2014,"506 HOLLY AVENUE, LOGAN, WV 25601",37.859729691125096,-81.98977390740106
2014,"407 CIRCLE ROAD, LOGAN, WV 25601",37.89475234825363,-81.9922250011777
2014,"305 CENTRAL AVENUE, LOGAN, WV 25601",37.90752220650285,-81.98273254810027
2014,"4201 BUFFALO CRK RD, AMHERSTDALE, WV 25607",37.78478557210923,-81.81150083946761
2014,"SUPERINTENDENT ROAD, LORADO, WV 25630",37.7967086,-81.7173312
2014,"800 MCDONALD AVENUE, MAN, WV 25635",37.741205,-81.8814951
2014,"105 MARKET STREET, MAN, WV 25635",37.743001160836,-81.87365860417003
2014,"699 STRATTON STREET, LOGAN, WV 25601",37.8430536249806,-81.98052420075874
2014,"127 SPRINGFIELD ROAD, WILKINSON, WV 25653",37.8263657,-81.9980869
2014,"RT 44 JERRY WEST HIGHWAY, OMAR, WV 25638",37.80172128057433,-81.98338784496372
2014,"16 HILL ROAD, VERDUNVILLE, WV 25649",37.846044729455286,-82.05530727579168
2014,"500 UNIVERSITY AVENUE, LOGAN, WV 25601",37.854328,-81.999888
2014,"ADAMS STREET, CHAPMANVILLE, WV 25508",37.9681731,-82.019423
2014,"9 SUNRISE STREET, SHERRY MCDONALD, WORTHINGTON, WV 26591",39.44140374231222,-80.27563322052305
2014,"334 States fork road, C/O JOYCE THOMAS, mannington, WV 26582",39.58193660715074,-80.38091128564832
2014,"1731 COLFAX ROAD, KELLY CUTRONE, FAIRMONT, WV 26554",39.43524443165643,-80.13064543313777
2014,"2340 KINGMONT ROAD, PLEASANT VALLEY RD, FAIRMONT, WV 26554",39.445444229215184,-80.17405152572894
2014,"2340 KINGMONT RD, PLEASANT VALLEY ROAD, FAIRMONT, WV 26554",39.445444229215184,-80.17405152572894
2014,"RT 250, SHERRARD, WHEELING, WV 26003",39.98659518038755,-80.67856505474941
2014,"500 FAIRMONT PIKE, MT OLIVET, WHEELING, WV 26003",40.027306428415784,-80.69315653253517
2014,"CENTRAL SCHOOL, TOMLINSON AVE @ SEVENTH ST, MOUNDSVILLE, WV 26041",39.91860116296243,-80.74516599054164
2014,"BIG RUN, C/O 1904 REID RIDGE RD, CAMERON, WV 26033",39.773755668599165,-80.58196910949272
2014,"3716 MAPLE ACRES RD, BLUEFIELD, WV 24701",37.305005320505074,-81.1493907475541
2014,"205 BLUEWELL SCHOOL RD, BLUEFIELD, WV 24701",37.31363179235251,-81.25870796483332
2014,"140 BRUSHFORK SCHOOL RD, BLUEFIELD, WV 24701",37.28220552179033,-81.25256658137039
2014,"319 MEMORIAL AVE, BLUEFIELD, WV 24701",37.25712029724758,-81.21105393277259
2014,"535 W CUMBERLAND RD, BLUEFIELD, WV 24701",37.25062378734543,-81.21389571351972
2014,"3318 E CUMBERLAND RD, BLUEFIELD, WV 24701",37.25844237248015,-81.19572412417494
2014,"3566 EADS MILL RD, PRINCETON, WV 24739",37.427813500484945,-81.06348091757991
2014,"710 SIMMONS RIVER RD, MONTCALM, WV",37.3476894,-81.2540131
2014,"1734 GLENWOOD PARK RD, PRINCETON, WV 24740",37.33707364322822,-81.15041394160198
2014,"300 N JOHNSTON ST, PRINCETON, WV 24740",37.36843106263137,-81.10454332558317
2014,"821 BROADWAY ST, PRINCETON, WV 24740",37.3788146222069,-81.09523086098477
2014,"730 EAST 4TH AVE, WILLIAMSON, WV 25661",37.66461470015486,-82.26649314013963
2014,"217 LIBERTY STREET, WILLIAMSON, WV 25661",37.672879046924436,-82.26965594106593
2014,"75 EAST 2ND AVE, WILLIAMSON, WV 25661",37.673195964145464,-82.27860207794646
2014,"4TH WEST AVENUE, WILLIAMSON, WV 25661",37.6773026,-82.2834621
2014,"30 NOLAN STREET, WILLIAMSON, WV 25661",37.74283632818924,-82.3326363602996
2014,"MAIN STREET, KERMIT, WV 25674",37.8443787,-82.4078701
2014,"JUSTICE, GILBERT, WV",37.5894715,-81.8387155
2014,"GILBERT, GILBERT, WV 25621",37.6209506,-81.8690684
2014,"14 BUFFALO CREEK ROAD, CHATTAROY, WV 25667",37.700907445367534,-82.29076352276843
2014,"LENORE, LENORE, WV 25676",37.7973212,-82.2854189
2014,"RT 119 GILMAN DRIVE, DELBARTON, WV 25670",37.77444051806896,-82.18117853290414
2014,"100 CHAMBERS ST, MATEWAN, WV 25678",37.6217057,-82.156824
2014,"991 PRICE ST., MORGANTOWN, WV 26505",39.63645531339483,-79.9481413216975
2014,"3344 UNIVERSITY AVENUE, PO BOX 4204, STAR CITY, WV 26504",39.65705715068913,-79.98060328302358
2014,"1641 SABRATON AVENUE, PO BOX 1020, MORGANTOWN, WV 26531",39.62534718800589,-79.9250241862295
2014,"677 201ST MEMORIAL HIGHWAY, MORGANTOWN, WV 26505",39.648518,-79.9345123
2014,"4404 MASON DIXON HIGHWAY, DRAWER B, PENTRESS, WV 26544",39.7121001932386,-80.15641787372999
2014,"18800 WEBSTER ROAD, CRAIGSVILLE, WV 26205",38.3461509,-80.6270259
2014,"NETTIE FENWICK ROAD, FENWICK, WV 26202",38.222755,-80.630698
2014,"6 WHITE AVENUE, RICHWOOD, WV 26261",38.22498375126111,-80.53092660239048
2014,"10 OAKFORD AVENUE, RICHWOOD, WV 26261",38.22438643546161,-80.53300398938944
2014,"190 RIVERSIDE DRIVE, RICHWOOD, WV 26202",38.2189588387738,-80.55206807151029
2014,"30 GRIZZLY LANE, SUMMERSVILLE, WV 26651",38.31838220904291,-80.83318966757906
2014,"7950 WEBSTER ROAD, SUMMERSVILLE, WV 26651",38.319846173613996,-80.80037711269193
2014,"16414 WEBSTER ROAD, CRAIGSVILLE, WV 26205",38.3461509,-80.6270259
2014,"400 N BROAD STREET, SUMMERSVILLE, WV 26651",38.28175512298492,-80.85252484378123
2014,"706 ARBUCKLE ROAD, SUMMERSVILLE, WV 26651",38.27865387348402,-80.84946791429792
2014,"105 S SWISS ROAD, SWISS, WV 26690",38.23480982842193,-81.12937036483675
2014,"13424 TURNPIKE ROAD, SUMMERSVILLE, WV 26651",38.25796063908808,-81.02965357062203
2014,"10068 CANVAS NETTIE ROAD, NETTIE, WV 26681",38.231438803863206,-80.70698587923773
2014,"135 HINKLE O'DELL ROAD, LEIVASY, WV 26676",38.168416,-80.6911265
2014,"1635 SUMMERSVILLE LAKE ROAD, KESLERS CROSS LANES, WV 26675",38.2343911,-80.942101
2014,"1945 MT LOOKOUT ROAD, MT LOOKOUT, WV 26678",38.175478702574765,-80.92817783197728
2014,"11- SCHOOL HOUSE LANE, MT NEBO, WV 26679",38.209345127071686,-80.8529040963457
2014,"108 MCKEES CREEK ROAD, SUMMERSVILLE, WV 26651",38.277982469461676,-80.85510470358821
2014,"150 VIKING DR, WHEELING, WV 26003",40.11462774942777,-80.70216248339153
2014,"FINCH AVE, WHEELING, WV 26003",40.084902,-80.7150973
2014,"601 MAIN ST, WHEELING, WV 26003",40.077071870855434,-80.72533598917278
2014,"1500 CHAPLINE ST, WHEELING, WV 26003",40.06490884050896,-80.72086397455905
2014,"431 FULTON STREET, WHEELING, WV 26003",40.07693316221332,-80.71098038539202
2014,"1030 CHAPLINE ST, WHEELING, WV 26003",40.06962663719156,-80.7216137267481
2014,"724 N FRONT ST, WHEELING, WV 26003",40.080704672479726,-80.73195238451115
2014,"91 ZANE STREET, WHEELING, WV 26003",40.07167581738736,-80.73336079766472
2014,"2230 CHAPLINE ST, WHEELING, WV 26003",40.05862465073511,-80.7232998918916
2014,"HEISKEL & MAPLE AVE, WHEELING, WV 26003",40.08025012939197,-80.68556799696177
2014,"298 POPLAR AVE, WHEELING, WV 26003",40.07775319506419,-80.68083131608864
2014,"1232 NATIONAL RD, WHEELING, WV 26003",40.07200063055075,-80.68245532705674
2014,"25 E COVE AVE, WHEELING, WV 26003",40.040233368324664,-80.6640688828843
2014,"RT 40 NATIONAL RD, TRIADELPHIA, WV 26059",40.07626971410019,-80.72371369721412
2014,"12600 SENECA TRAIL, PRECINCT 26, BUCKEYE, WV 24924",38.171082280687585,-80.14037861701087
2014,"8921 N PRESTON HWY, ALBRIGHT, WV 26519",39.576205955608316,-79.6372927154651
2014,"ROUTE 62, SCHOOL LANE, HOMETOWN, WV 25109",38.537295432690826,-81.8615344996515
2014,"4430 TEAYS VALLEY ROAD, P O BOX 270, SCOTT DEPOT, WV 25560",38.450203816675696,-81.92946904791614
2014,"7312 COAL CITY ROAD, RHODELL, WV 25915",37.60568782938117,-81.30965875721341
2014,"275 HOME SCHOOL VILLAGE ROAD, COLCORD, WV 25048",37.953475086544984,-81.44394720544636
2014,"11823 COAL RIVER ROAD, PETTUS, WV",37.95854065526362,-81.53458214533589
2014,"5960 COAL RIVER ROAD, ROCK CREEK, WV 25174",37.854524824509554,-81.45509507934128
2014,"1829 MAXWELL HILL ROAD, BECKLEY, WV 25801",37.817920402810444,-81.21426541043672
2014,"200 MAIN ST, SPENCER, WV 25276",38.79944504255542,-81.3426449959984
2014,"RT. 250 FAIRMONT RD., FAIRMONT, WV 26554",39.481708275805886,-80.14696964111806
2014,"650 N PIKE ST, GRAFTON, WV 26354",39.34701304655954,-80.01692806412586
2014,"25 EULA ST, GRAFTON, WV 26354",39.32975650022894,-79.99964131155184
2014,"105 FIFTH STREET, HAMBLETON, WV 26269",39.08136554371731,-79.64672333128891
2014,"107 RIVER STREET, PARSONS, WV 26287",39.09724814285714,-79.67755592857142
2014,"501 CHESTNUT STREET, PARSONS, WV 26287",39.098985,-79.6835819
2014,"505 WILLIAM AVE, DAVIS, WV 26260",39.12855499175338,-79.4668272935217
2014,"90 BUTCHERS RIDGE ROAD, RED CREEK, WV 26289",38.98738142149125,-79.5137647054101
2014,"6563 APPALACHIAN HIGHWAY, DAVIS, WV 26260",39.1321187,-79.4747975
2014,"307 SPRUCE STREET, THOMAS, WV 26292",39.15111168329437,-79.49672466587447
2014,"916 MARKET ST, PARKERSBURG, WV 26101",39.26814805664617,-81.55585424646097
2014,"1103 PLUM ST, PARKERSBURG, WV 26101",39.26540040681175,-81.54139144188338
2014,"2300 RIVER RD, VIENNA, WV 26105",39.322183608788464,-81.55372372297296
2014,"111 GLEN FORK HOLLOW RD, GLEN FORK, WV 25845",37.705908279104676,-81.52213298784983
2014,"2899 GLEN ROGERS RD, GLEN ROGERS, WV 25848",37.71938361966204,-81.41328791450263
2014,"260 WARRIOR WAY, NEW RICHMOND, WV 24867",37.571618991569665,-81.4733507003242
2014,"801 MORAN AVE, MULLENS, WV 25882",37.58881799012926,-81.37553411369277
2014,"300 FRONT ST, MULLENS, WV 25882",37.580511120376684,-81.38461752719269
2014,"4392 RD BAILEY HWY, WYOMING, WV 24898",37.58250531253458,-81.6004928451614
2014,"155 PARK ST, PINEVILLE, WV 24874",37.5827035,-81.5371748
2014,"309 COOK PKWY, OCEANA, WV 24870",37.68675165,-81.62525060013573
2014,"1285 COOK PKWY, OCEANA, WV 24870",37.6953817,-81.6349425
2014,"1165 HUFF CREEK RD, CYCLONE, WV 24827",37.75305424335227,-81.67113154630488
2014,"1141 LONG BRANCH RD, SIMON, WV 24882",37.62203344094627,-81.75919936439846
2014,"8840 COAL MTN RD, COAL MOUNTAIN, WV 24823",37.6657923,-81.7325869
2016,"49 W 1ST STREET, BELINGTON, WV 26250",39.021904094104684,-79.94101359284502
2016,"301 WATKINS ST, BELINGTON, WV 26250",39.02318562999073,-79.93530006122334
2016,"471 MORGANTOWN PIKE, BELINGTON, WV 26250",39.0305067,-79.9293096
2016,"30 BURNER RD, PHILIPPI, WV 26416",39.10702660302218,-80.03981603858767
2016,"26 N MAIN ST, PHILIPPI, WV 26416",39.15177147635114,-80.03867704128857
2016,"611 CHERRY HILL RD, PHILIPPI, WV 26416",39.1625501,-80.0745097
2016,"547 CHERRY HILL RD, PHILIPPI, WV 26416",39.151911768177854,-80.06151489390425
2016,"3302 BRUSHY FORK RD, BRIDGEPORT, WV 26330",39.18957504330939,-80.15804898287251
2016,"117 S. ILLINOIS AVE, MARTINSBURG, WV 25401",39.46084413954236,-77.97761418306891
2016,"2109 SULPHUR SPRINGS ROAD, INWOOD, WV 25428",39.349123317424926,-77.99146340446589
2016,"18044 SPRUCE RIVER ROAD, JEFFREY, WV 25114",37.9872288,-81.8181962
2016,"150 JOSEPHINE AVE, MADISON, WV 25130",38.06320360773395,-81.81725937916673
2016,"620 HEWETT CREEK ROAD, HEWETT, WV 25108",37.971140872889386,-81.82660150474327
2016,"213 KENMORE DRIVE, DANVILLE, WV 25053",38.08427554691042,-81.84261052355271
2016,"269 WASHINGTON AVE, MADISON, WV 25130",38.05921765534339,-81.82055588573473
2016,"200 STATE STREET, MADISON, WV 25130",38.06629821942903,-81.81969083491674
2016,"731 HOPKINS AVE, DANVILLE, WV 25053",38.07964670951441,-81.83230855478735
2016,"404 RIVERSIDE DRIVE, MADISON, WV 25130",38.07286755034846,-81.82633058780851
2016,"23967 DANIEL BOONE PARKWAY, PEYTONA, WV 25154",38.1035455,-81.7346933
2016,"1649 ASHFORD-NELLIS RD, ASHFORD, WV 25009",38.182303778794676,-81.70458124916513
2016,"7487 COAL RIVER ROAD, COMFORT, WV 25049",38.1353131,-81.6344731
2016,"32832 COAL RIVER ROAD, SYLVESTER, WV 25193",38.010014648105084,-81.55784220153487
2016,"10882 EXCHANGE RD, EXCHANGE, WV 26619",38.80030525725067,-80.76090618474734
2016,"3RD AND HIGH STREETS, BEECH BOTTOM, WV 26030",41.6080117993979,-122.84122470184343
2016,"326 CHURCH STREET, BETHANY, WV",40.20441984065934,-80.55292952747253
2016,"237 CHERRY DRIVE, WELLSBURG, WV 26070",40.24367663945907,-80.595947400255
2016,"821 MAIN STREET, WINDSOR HEIGHTS, WV 26075",40.19138949718274,-80.66577660115064
2016,"960 WASHINGTON PIKE, WELLSBURG, WV 26070",40.28008141272721,-80.55876045041362
2016,"318 PENNSYLVANIA AVENUE, COLLIERS, WV 26035",40.366701890891136,-80.53914649484375
2016,"1400 MAIN STREET, FOLLANSBEE, WV 26037",40.33514901997489,-80.5960568767286
2016,"1400 LEGION ROAD, WEIRTON, WV 26062",40.395037,-80.611323
2016,"116 MAY ROAD, FOLLANSBEE, WV 26037",40.32516392599746,-80.58001745823822
2016,"530 ROBY RD, HUNTINGTON, WV 25705",38.40944857275008,-82.39833683031031
2016,"8110 OHIO RIVER RD, LESAGE, WV 25537",38.566971550028825,-82.28040250360836
2016,"391 LONG RUN ROAD, PENNSBORO, WV 26415",39.27415817767388,-80.88805515907063
2016,"15252 WV RT 18 S, NEW MILTON, WV 26411",39.13938754022661,-80.7268855759254
2016,"2097 BIG FLINT ROAD, SALEM, WV 26456",39.32050239378532,-80.63434519873022
2016,"208 ROSEMARY LANE, SALEM, WV 26426",39.29740146291971,-80.6137813166012
2016,"24 PIKE FORK, CENTER POINT, WV 26339",39.389883964660214,-80.63265944194086
2016,"2424 WV RT. 23 N, SALEM, WV 26426",39.33553751115778,-80.57585809164345
2016,"4754 MEATHOUSE FORK RD, NEW MILTON, WV 26411",39.20506394573795,-80.66191524031797
2016,"146 COURT ST, WEST UNION, WV 26456",39.294581490211215,-80.77576129898591
2016,"2881 SMITHTON ROAD, SMITHBURG, WV 26436",39.28951183167038,-80.73449369791228
2016,"140 SCHOOL ST, OAK HILL, WV 25901",37.975213530578685,-81.14820907094605
2016,"8487 MOSSY-MILBURN RD, SCARBRO, WV 25917",37.975010387016766,-81.28727639111486
2016,"12490 DEEPWATER MTN RD, ROBSON, WV 25173",38.1021313,-81.2477267
2016,"3025 WV HWY 47 W, TROY, WV 26443",39.02023379011837,-80.76434690687091
2016,"16518 POCAHONTAS TRAIL, WHITE SULPHUR SPRINGS, WV 24986",37.8187856,-80.2711341
2016,"10192 ALTA DRIVE, ASBURY, WV 24916",37.826728263394614,-80.55860791273244
2016,"317 CHESTNUT AVE. E, ALDERSON, WV 24910",37.72915045023194,-80.63692438876217
2016,"720 RONCEVERTE AVE, RONCEVERTE, WV 24970",37.74639033635009,-80.47735626303188
2016,"21692 SENECA TRAIL, FRANKFORD, WV 24938",37.93047874325049,-80.38498997469577
2016,"2652 SENECA TRAIL SOUTH, RONCEVERTE, WV 24970",37.711917290365875,-80.44132252141208
2016,"912 COURT STREET N., LEWISBURG, WV 24901",37.80315628550164,-80.44544452579959
2016,"27938 MIDLAND TRAIL E., LEWISBURG, WV 24901",37.7931329,-80.4123367
2016,"214 EAST WASHINGTON ST, LWSB. UNITED METHODIST CHRUCH, WV 24901",37.80101375848096,-80.44436311486572
2016,"701 KANAWHA AVENUE, RAINELLE, WV 25962",37.9675102,-80.7825683
2016,"278 CAVALIER DR, CHARMCO, WV 25958",38.00319335611624,-80.73489646525849
2016,"604 NICHOLAS ST, RUPERT, WV 25984",37.963363900156025,-80.69015089989125
2016,"261 KANAWHA AVE., RAINELLE, WV 25962",37.967818843877126,-80.78646557135545
2016,"9788 CAPON RIVER RD, YELLOW SPRING, WV 26868",39.18745004445128,-78.51019390278782
2016,"75 CAPON SCHOOL ST, CAPON BRIDGE, WV 26711",39.302166,-78.4380137
2016,"11151 PAW PAW RD, PAW PAW, WV 25434",39.5493101,-80.1538213
2016,"6951 BLOOMERY PIKE, SLANESVILLE, WV 25444",39.3696752,-78.5336655
2016,"16189 NORTHWESTERN PIKE, AUGUSTA, WV 26704",39.300238593067036,-78.62541717846602
2016,"175 S HIGH ST, ROMNEY, WV 26757",39.34119662360149,-78.75698142388319
2016,"4651 PURGITSVILLE, PURGITSVILLE, WV 26852",39.26507937292661,-78.91462293833143
2016,"19 E MAIN ST, ROMNEY, WV 26757",39.34198578957955,-78.75631405304904
2016,"45 SCHOOL ST, ROMNEY, WV 26757",39.34349431650537,-78.76373134603517
2016,"1 DEPOT ST, ROMNEY, WV 26757",39.34940145,-78.75405445159495
2016,"61 PANCIONE LOOP, AUGUSTA, WV 26704",39.2929313,-78.6405262
2016,"11924 GRASSY LICK RD, KIRBY, WV 26755",39.180505161261124,-78.72018924311254
2016,"99 GREEN PARK ST, GREEN SPRING, WV 26722",39.526165,-78.6169946
2016,"100 RED RIDER ROAD, WEIRTON, WV 26062",40.40530223504504,-80.57828063202794
2016,"310 PENCO ROAD, WEIRTON, WV 26062",40.40869460921931,-80.54744713310299
2016,"112 SOUTHERN AVE, STONEWOOD, WV 26301",39.251316843475024,-80.3140277221226
2016,"1415 BUCKHANNON PIKE, NUTTER FORT, WV 26301",39.25889497571768,-80.32308940065127
2016,"150 S. MAPLE AVE, CLARKSBURG, WV 26301",39.27869543752064,-80.3327356662694
2016,"2142 ADAMSVILLE RD, FAIRMONT, WV 26431",39.38993116951531,-80.21019697953886
2016,"5079 SALTWELL RD, BRIDGEPORT, WV 26330",39.34663512854013,-80.25033422784111
2016,"100 JERRY TOTH DR, SHINNSTON, WV 26431",39.38081715,-80.3108809319421
2016,"800 CLARK ST, SHINNSTON, WV 26431",39.40022823967132,-80.29968715859133
2016,"3043 WILSONBURG RD, REYNOLDSVILLE, WV 26422",39.2857572,-80.4442309
2016,"1040 WILSONBURG RD, CLARKSBURG, WV 26301",39.29266018667698,-80.39704064646992
2016,"1349 SHINNSTON PIKE, CLARKSBURG, WV 26301",39.2942732,-80.3623004
2016,"55 B STREET, SPELTER, WV 26438",39.34680649756666,-80.32118285395688
2016,"334 EAST PIKE ST, CLARKSBURG, WV 26301",39.279712564723184,-80.32842573498402
2016,"121 GEORGE ST, LUMBERPORT, WV 26386",39.37580481509748,-80.34834110108439
2016,"1293 WALLACE PIKE, LUMBERPORT, WV 26386",39.3082544420015,-80.35479264029709
2016,"1403 MAIN ST, LUMBERPORT, WV 26386",39.36994382925991,-80.35977088195989
2016,"1280 PINE BLUFF RD, SHINNSTON, WV 26431",39.41747373041238,-80.32608159527615
2016,"96 TRINITY RD, MT CLARE, WV 26408",39.225327409217584,-80.29564544950614
2016,"352 BISETOWN RD, LOST CREEK, WV 26385",39.166511382500516,-80.26243919483795
2016,"29 CHUB RUN RD, MT CLARE, WV 26408",39.21765190407035,-80.34294843315115
2016,"104 RAILROAD ST, LOST CREEK, WV 26385",39.160455167332756,-80.35138514251545
2016,"3073 HAWK HIGHWAY, LOST CREEK, WV 26385",39.18760990585821,-80.38887001835593
2016,"56 MIDDLEBOURNE RD, WALLACE, WV 26448",39.4083025325632,-80.48950532283794
2016,"515 W MAIN ST, PO BOX 178, ANMMORE, WV 26323",39.280761022760885,-80.25966833234537
2016,"1041 MAPLE LAKE RD, BRIDGEPORT, WV 26330",39.2953164,-80.2065947
2016,"171 E MAIN ST, SALEM, WV 26426",39.28249537839802,-80.55656604649758
2016,"925 LIBERTY ST, WEST MILFORD, WV 26451",39.2009641,-80.4054514
2016,"1578 SYCAMORE RD, CLARKSBURG, WV 26301",39.23312291757355,-80.430795006361
2016,"1100 OAKMOUND DR, CLARKSBURG, WV 26301",39.2655223055491,-80.37226641431289
2016,"245 CITIZENS WAY, CHARLES TOWN, WV 25414",39.275310360744584,-77.84616156765583
2016,"24 WYATT ST, LONDON, WV 25126",38.20091792687816,-81.37153416388094
2016,"200 JOHN ST, CEDAR GROVE, WV 25039",38.217073,-81.4291233
2016,"6333 KELLEYS CREEK RD, MAMMOTH, WV 25012",38.26410985587154,-81.35802109571836
2016,"27506 2ND. AVENUE, HANDLEY, WV 25102",38.1846521,-81.3565959
2016,"200 CENTER ST, PRATT, WV 25162",38.2110721,-81.383663
2016,"201 PRATT AVE, PRATT, WV 25162",38.20899201509701,-81.3906354450753
2016,"130 BRANNON ST, EAST BANK, WV 25067",38.215729021338916,-81.45145638187432
2016,"10217 CABIN CREEK RD, ESKDALE, WV 25075",38.089276724182184,-81.44608830219443
2016,"5118 CABIN CREEK RD, MIAMI, WV 25134",38.149306026872296,-81.44794217459662
2016,"105 CHURCH STREET, CHELYAN,, WV 25305",38.19369695373928,-81.49690765333105
2016,"87 OLD GLORY LN, WINIFREDE, WV 25214",38.19331233678605,-81.54538304630415
2016,"736 RUTHDALE RD, SO CHARLESTON, WV 25309",38.32068231281505,-81.72184845682955
2016,"4540 BROUNLAND RD, SO CHARLESTON, WV 25309",38.27052915565764,-81.77667955401353
2016,"1121 WEBERWOOD DRIVE, CHARLESTON, WV 25303",38.35181685,-81.66735965
2016,"238 4TH AVE, SO CHARLESTON, WV 25303",38.36544779595323,-81.69609338533559
2016,"210 12TH ST, DUNBAR, WV 25064",38.35864231875274,-81.73954077509012
2016,"605 DUNBAR AVE, DUNBAR, WV 25064",38.36056833251598,-81.73069323811063
2016,"115 STEELE ST, DUNBAR, WV 25064",38.369333626373304,-81.72758694417246
2016,"7776 COAL RIVER RD, TORNADO, WV 25202",38.343527475684084,-81.84612077251523
2016,"2205 2ND AVE, NITRO, WV 25143",38.42300709104683,-81.84054804975108
2016,"500 VIRGINIA STREET, CLENDENIN, WV 25045",38.48664036080015,-81.35367298362826
2016,"5120 ELK RIVER RD N., ELKVIEW, WV 25071",38.44322678327666,-81.47844453698087
2016,"1150 MAIN STREET, ELKVIEW, WV 25071",38.44082248829403,-81.48226922089452
2016,"1500 GREENBRIER ST., CHARLESTON, WV 25311",38.366576518159206,-81.58167588847323
2016,"4001 SALINAS DR, CHARLESTON, WV",38.301008315464,-81.55807176664075
2016,"171 WEST SECOND STREET, WESTON, WV 26452",39.041753382076706,-80.471571119207
2016,"15300 US HIGHWAY 33 WEST, LINN, WV 26384",39.00391,-80.7197559
2016,"1606 GARRETTSBEND, SOD, WV 25564",38.3016849919772,-81.90595292666063
2016,"2865 BULGER ROAD, ALKOL, WV 25501",38.1291252995299,-82.00852390094258
2016,"1246 MCCLELLAN HWY., HARTS, WV 25524",38.0240759,-82.1043019
2016,"5312 MCCLELLAN HWY., BRANCHLAND, WV 25506",38.24873760610899,-82.19087625766224
2016,"25 HUGH DINGESS HOLLOW RD, HARTS, WV 25524",37.975159080131675,-82.12635556586616
2016,"506 CRAWLEY CK RD, CHAPMANVILLE, WV 25508",37.97590161701305,-82.02553201766983
2016,"175 SUPERINTENDENT ROAD, LORADO, WV 25630",37.79675699094855,-81.71861029488883
2016,"1034 COPPERAS FORK RD, HOLDEN, WV 25625",37.8275194,-82.0636229
2016,"8 FIREHOUSE RD, OMAR, WV 25638",37.75708687396752,-81.99929043761887
2016,"161 CONLEY ST, CHAPMANVILLE, WV 25508",37.9675540260435,-82.02048891468547
2016,"304 FAIRMONT AVE, FAIRMONT, WV 26554",39.481007480712776,-80.14758707024237
2016,"601 LOCUST AVE, FAIRMONT, WV 26554",39.48357239969863,-80.15373810528348
2016,"509 PIKE STREET, BARRACKVILLE, WV 26559",39.50263954502043,-80.16565223644733
2016,"1 LOOP PARK DRIVE, FAIRMONT, WV 26554",39.47942944341571,-80.15744412961027
2016,"1500 COUNTRY CLUB ROAD, FAIRMONT, WV 26554",39.473400461017945,-80.17657258837443
2016,"1000 COUNTRY CLUB RD, FAIRMONT, WV 26554",39.47031143630011,-80.16657387208022
2016,"1579 MARY LOU RETTON DRIVE, FAIRMONT, WV 26554",39.46164286967684,-80.16665379049141
2016,"1579 MARY LOU RETTON DR, FAIRMONT, WV 26554",39.46164286967684,-80.16665379049141
2016,"134 BRIDGE ST, MONONGAH, WV 26554",39.45803252512411,-80.20961632298349
2016,"274 MAIN STREET, P O BOX 141, WORTHINGTON, WV 26591",39.4517577639935,-80.26237760528744
2016,"21 8TH STREET, PO BOX 190, CAROLINA, WV 26563",39.48376435822627,-80.27871328924812
2016,"628 WALNUT STREET, MONONGAH, WV 26554",39.46423838409481,-80.22104229246605
2016,"HAGGERTY STREET, FARMINGTON, WV 26571",39.5149652,-80.2492785
2016,"113 CLARKSBURG STREET, MANNINGTON, WV 26582",39.52970189446148,-80.34437733260825
2016,"201 MEADOW AVE, HOMEWOOD ADDITION, MANNINGTON, WV 26582",39.52256600651373,-80.33139200009197
2016,"334 STATES FORK ROAD, C/O JOYCE THOMAS, MANNINGTON, WV 26582",39.58193660715074,-80.38091128564832
2016,"101 JASPER ST, P.O. BOX 66, RIVESVILLE, WV 26588",39.530544915549285,-80.11822399673565
2016,"12 JACKSON ST, PO BOX 529, RIVESVILLE, WV 26588",39.533556787267344,-80.11613116363276
2016,"100 SCHOOL STREET, FAIRVIEW, WV 26570",39.593475,-80.248522
2016,"2741 PAW PAW CREEK RD, P O BOX 55, BAXTER, WV 26560",39.543820827709624,-80.1441005698336
2016,"17 JESSE'S RUN ROAD, FAIRVIEW, WV 26570",39.5918735032688,-80.2541726044771
2016,"200 JASPER STREET, P O BOX 611, RIVESVILLE, WV 26588",39.53064333307424,-80.11947286982985
2016,"35 CITY VIEW TERRACE, PO BOX 1258, FAIRMONT, WV 26554",39.47078108077136,-80.13023709532416
2016,"35 CITY VIEW TERRACE, P O BOX 1258, FAIRMONT, WV 26555",39.47078108077136,-80.13023709532416
2016,"1858 VALLEY SCHOOL ROAD, FAIRMONT, WV 26554",39.45953326860882,-80.14519462695654
2016,"1000 COLE ST, FAIRMONT, WV 26554",39.470875,-80.132654
2016,"57 EAST DALE ROAD, FAIRMONT, WV 26554",39.49112377665563,-80.09126721049927
2016,"57 EAST DALE ROAD, FAIRMONT, WV",39.49112377665563,-80.09126721049927
2016,"2538 BUNNER RIDGE ROAD, RT 6, BOX 339, FAIRMONT, WV 26554",39.45980056039912,-80.02175788062726
2016,"1000 FAIRMONT PIKE, SHERRARD, WHEELING, WV 26003",40.03543040237116,-80.69389831747532
2016,"BIG RUN, C/O 2229 REID RIDGE RD, CAMERON, WV 26033",39.766413413052874,-80.5891061977045
2016,"2127 POND BRANCH RD, SOUTHSIDE, WV 25187",38.738788870507676,-81.99605831827114
2016,"1671 ASHLAND CRUMPLER RD, CRUMPLER, WV 24825",37.42609841596658,-81.34064345936804
2016,"31 SHANNON BR RD, CAPELS, WV 24801",37.45348046799984,-81.59954780196767
2016,"88 HOWARD ST, WELCH, WV 24801",37.4320234,-81.5858083
2016,"242 STADIUM DR., WELCH, WV 24801",37.415008138429016,-81.5946867592969
2016,"1235 STEWART ST, WELCH, WV 24801",37.44799123679496,-81.56477348515546
2016,"32437 COAL HERITAGE RD, KEYSTONE, WV 24852",37.414507571209185,-81.45115576016974
2016,"977 FROG LEVEL RD, COALWOOD, WV 24824",37.3879953,-81.6529473
2016,"37 RIVER RD, WAR, WV 24892",37.30631,-81.695986
2016,"13509 ROCKET BOYS DR, WAR, WV 24892",37.3177324,-81.6951383
2016,"86 RIVER RD, WAR, WV 24892",37.30631,-81.695986
2016,"2025 RIFT BERWIND RD, BERWIND, WV 24815",37.26634337456437,-81.66470027335538
2016,"4224 ROCKET BOYS DR., SQUIRE, WV 24884",37.2323684,-81.6040512
2016,"17586 ROCKET BOYS DRIVE, CARETTA, WV 2489",37.33462203938228,-81.67399418583767
2016,"182 WATER ST, IAEGER, WV 24844",37.4633306,-81.8215841
2016,"1003 1003 WYOMING ST, BLUEFIELD, WV",37.27067383169964,-81.21737338926829
2016,"693 KEGLEY SCHOOL RD, KEGLEY, WV 24731",37.395377029104054,-81.14305183381725
2016,"205 SOUTH STATE ST, ATHENS, WV 24712",37.42554618676559,-81.0160510717464
2016,"204 SOUTH STATE STREET, ATHENS, WV 24712",37.42194946398496,-81.01586902056658
2016,"5709 MATOAKA RD, MATOAKA, WV 24736",37.42779677131347,-81.22058616775143
2016,"21629 BECKLEY RD, FLAT TOP, WV 25841",37.5853479,-81.1108218
2016,"2121 ATHENS RD, PRINCETON, WV 24739",37.38911072274283,-81.06249509199233
2016,"100 SIMMONS AVENUE, BRAMWELL, WV 24715",37.32544527528893,-81.3133161822139
2016,"838 ROCK RD, ROCK, WV 24747",37.35829483162871,-81.2430957423199
2016,"600 TRENT STREET, PRINCETON, WV 24740",37.3671079,-81.0979717
2016,"1500 WEST MAIN ST, PRINCETON, WV 24740",37.36614688601054,-81.10307721552545
2016,"704 MAPLE STREET, PRINCETON, WV 24740",37.36332782292271,-81.08958005598032
2016,"8695 NEW HOPE RD, BLUEFIELD, WV 24701",37.32173292407742,-81.23448610413908
2016,"65 CAMP MINCO LANE, KEYSER, WV 26726",39.42553779170095,-78.85046195482136
2016,"128 KNOBLEY ROAD, RIDGELEY, WV 26753",39.5347523277739,-78.82075538975681
2016,"107 DANS RUN ROAD, FORT ASHBY, WV 26719",39.50413843675847,-78.76709017207048
2016,"176 MAIN STREET, RIDGELEY, WV 26753",39.6442491510453,-78.77051216395591
2016,"66 SOUTH MAIN STREET, KEYSER, WV 26726",39.43791871919291,-78.97752468470912
2016,"300 SOUTH MINERAL STREET, KEYSER, WV 26726",39.43601913009837,-78.98247744679321
2016,"500 CARSKADON LANE, KEYSER, WV 26726",39.43413753331862,-78.99014381688141
2016,"34 JAMES STREET, KEYSER, WV 26726",39.44110153698608,-78.9807958550486
2016,"981 HARLEY O STAGGERS DR, KEYSER, WV 26726",39.4229986,-78.9917016
2016,"233 HOLLYWOOD ROAD, KEYSER, WV 26726",39.42559597847742,-78.9605102429793
2016,"85 NEW CREEK SCHOOL RD, NEW CREEK, WV 26743",39.374531244907075,-79.02911986464665
2016,"51 JONES STREET, PIEDMONT, WV 26750",39.48267861015739,-79.04861751935033
2016,"10474 PATTERSON CREEK RD, BURLINGTON, WV 26710",39.33687777569287,-78.91807049666659
2016,"675 EAST 4TH AVE, WILLIAMSON, WV 25661",37.66563509260874,-82.26852296373494
2016,"40 LIBERTY ST, WILLIAMSON, WV 25661",37.67374217033313,-82.26968208090943
2016,"104 EAST 4TH AVE, WILLIAMSON, WV 25661",37.6755629743335,-82.27796635821068
2016,"1815 W 3RD AVE, WILLIAMSON, WV 25661",37.67951127981337,-82.29496145352493
2016,"249 W NOLAN ST, WILLIAMSON, WV 25661",37.7431264836743,-82.33252542638945
2016,"2022 ROUTE 65, DELBARTON, WV 25670",37.73305768774128,-82.1866705724799
2016,"1620 ROCKHOUSE FORK, DELBARTON, WV 25670",37.7054841,-82.1711217
2016,"49 MAIN STREET, KERMIT, WV 25674",37.8443787,-82.4078701
2016,"8 FIREFIGHTER AVE, WILLIAMSON, WV 25661",37.70448551918287,-82.27669056396303
2016,"143 GILMAN DR, DELBARTON, WV 25670",37.77376977651335,-82.18192108929708
2016,"119 VARNEY ST, DELBARTON, WV 25670",37.73308401461213,-82.18407855432821
2016,"1 WHARNCLIFFE AVE, GILBERT, WV 25621",37.610757,-81.869005
2016,"661 GREENBAG RD, MORGANTOWN, WV 26508",39.60998636641375,-79.94141541999863
2016,"1 ALUMNI DR, MORGANTOWN, WV 26505",39.6519335,-79.9633394
2016,"991 PRICE ST, MORGANTOWN, WV 26505",39.63645531339483,-79.9481413216975
2016,"287 EUREKA DR, MORGANTOWN, WV 26505",39.64335832955993,-79.95236279766618
2016,"3334-B UNIVERSITY AVE, STAR CITY, WV 26505",39.65702643470007,-79.98043434514483
2016,"360 BALDWIN ST, MORGANTOWN, WV 26505",39.65289417507529,-79.97125421087355
2016,"1641 SABRATON AVE, MORGANTOWN, WV 26531",39.62534718800589,-79.9250241862295
2016,"677 201ST MEMORIAL HWY, MORGANTOWN, WV 26505",39.648518,-79.9345123
2016,"3085 EARL L CORE RD, MORGANTOWN, WV 26508",39.607165040030225,-79.91728741068766
2016,"825 CHESTNUT RIDGE RD, MORGANTOWN, WV 26505",39.65807444423007,-79.95666316703216
2016,"1215 BAKER ST, MORGANTOWN, WV 26508",39.61027149598385,-79.90554571494476
2016,"7041 MASON DIXON HWY, BLACKSVILLE, WV 26521",39.71121239061608,-80.25358668852493
2016,"719 MASON DIXON HWY, CASSVILLE, WV 26527",39.66511102615732,-80.0620311028664
2016,"5977 MASON DIXON HWY, BLACKSVILLE, WV 26521",39.720012882703315,-80.21187115528261
2016,"79 BUCKEYE RD, CORE, WV 26541",39.71299173271427,-80.11679936806291
2016,"56 SMITHTOWN SCHOOL RD, FAIRMONT, WV 26554",39.52563670229847,-80.03992565545252
2016,"1550 GOSHEN RD, MORGANTOWN, WV 26508",39.55086309913128,-79.94047011362471
2016,"33 BREWER RD, MORGANTOWN, WV 26508",39.49731945151376,-79.91532972462898
2016,"4120 FAIRMONT RD, MORGANTOWN, WV 26501",39.58784600213971,-80.09154995194376
2016,"399 CROWL ST, WESTOVER, WV 26501",39.6342139,-79.9820611
2016,"320 MAIN ST, GRANVILLE, WV 26534",39.64520274908085,-79.98650564079566
2016,"527 TYRONE RD, MORGANTOWN, WV 26508",39.642790617822016,-79.8592680050516
2016,"154 CROSBY RD, MORGANTOWN, WV 26508",39.65388292771928,-79.86602597104775
2016,"409 FAIRCHANCE RD, MORGANTOWN, WV 26508",39.681853861212744,-79.83916787486305
2016,"131 BAKERS RIDGE RD, MORGANTOWN, WV 26508",39.67693978927764,-79.92904937484718
2016,"109 WILSON AVE, MORGANTOWN, WV 26501",39.62380911721641,-79.95667650485063
2016,"311 SOUTH MONROE STREET, ALDERSON, WV 24910",37.72916680846828,-80.64156341318574
2016,"56 COLLEGE DRIVE, PETERSTOWN, WV 24963",37.4005905,-80.7922725
2016,"150 COLLEGE DRIVE, PETERSTOWN, WV 24963",37.40074340917863,-80.79212202155992
2016,"416 INDIAN CREEK ROAD, BALLARD, WV 24918",37.51996089760456,-80.76711154953665
2016,"575 WARM SPRINGS WAY, BERKELEY SPRINGS, WV 25411",39.632652,-78.20224904167316
2016,"10166 WINCHESTER GRADE RD, BERKELEY SPRINGS, WV 25411",39.46686163016125,-78.22573820175029
2016,"11 OAKFORD AVENUE, RICHWOOD, WV 26261",38.22324239062107,-80.53300231793713
2016,"8 WHITE AVNUE, RICHWOOD, WV 26261",38.22478137561808,-80.53094995343702
2016,"24710 TURNPIKE ROAD, BELVA, WV 26656",38.23192079827203,-81.19026280286198
2016,"94 GROVES ROAD, CANVAS, WV",38.25685101040813,-80.78205842868533
2016,"11 SCHOOL HOUSE LANE, MT NEBO, WV 26679",38.209345127071686,-80.8529040963457
2016,"94 FINCH AVE, WHEELING, WV 26003",40.08633831854337,-80.71591058242268
2016,"1 BETHANY PIKE, WHEELING, WV 26003",40.262544766757685,-80.61313332225848
2016,"1212 NATIONAL RD, WHEELING, WV 26003",40.07300629351113,-80.6830527855135
2016,"19 JUNIOR AVE, WHEELING, WV 26003",40.0432021438715,-80.66197874316089
2016,"85 MIL ACRES DR, WHEELING, WV 26003",40.02762811002497,-80.65170932518103
2016,"4453 NATIONAL RD, TRIADELPHIA, WV 26059",40.05299837106895,-80.62754058462747
2016,"745 VAN METER WAY, WEST LIBERTY, WV 26074",40.169393106521284,-80.59878868358265
2016,"8566 NATIONAL ROAD, VALLEY GROVE, WV 26060",40.08708426496187,-80.57124451813347
2016,"8221 BLUE GRAY TRL, FRANKLIN, WV 26807",38.6520935,-79.3249226
2016,"503 SUGAR GROVE RD, BRANDYWINE, WV 26802",38.6108906,-79.2474128
2016,"189 PRICE WAY, CIRCLEVILLE, WV 26804",38.6724136,-79.4915855
2016,"100 S. MAIN STREET, FRANKLIN, WV 26807",38.64102271288084,-79.3315549318304
2016,"11596 PETERSBURG PIKE, UPPER TRACT, WV 26866",38.787961195405046,-79.28212553321805
2016,"2445 SCHMUCKER ROAD, UPPER TRACT, WV 26866",38.787703,-79.2771266
2016,"4574 MOYERS GAP RD, SUGAR GROVE, WV 26815",38.52487104241868,-79.3777231037476
2016,"2342 ALLEGHENY DR, SENECA ROCKS, WV 26884",38.8345666,-79.3764971
2016,"218 MAIN STREET, BELMONT, WV 26134",39.38081577996371,-81.25821248305056
2016,"40 FOURTH AVENUE, DURBIN, WV 26264",38.54868211059147,-79.82480274685258
2016,"5509 STAUNTON-PARKERSBURG TURNPIKE, BARTOW, WV 24920",38.54812847406606,-79.8095267367595
2016,"5917 POTOMAC HIGHLANDS TRAIL, GREEN BANK, WV 24944",38.4236585,-79.8282237
2016,"10818 CASS ROAD, CASS, WV 24927",38.39338162514662,-79.92212314286218
2016,"215 DUMORE ROAD, DUNMORE, WV 24934",38.36328920853259,-79.87990477716642
2016,"400 9TH STREET, MARLINTON, WV 24954",38.22138959822528,-80.09348843551025
2016,"20876 SENECA TRAIL, MARLINTON, WV 24954",38.257376050000005,-80.09268446170947
2016,"2535 BRUSH COUNTRY ROAD, MARLINTON, WV 24954",38.254092544028936,-80.06675529167694
2016,"5837 HUNTERSVILLE RD, MARLINTON, WV 24954",38.2181743,-80.0821284
2016,"12600 SENECA TRAIL, BUCKEYE, WV 24924",38.171082280687585,-80.14037861701087
2016,"7724 SENECA TRAIL, HILLSBORO, WV 24946",38.1375388,-80.2088052
2016,"374 SENECA TRAIL, HILLSBORO, WV 24946",38.0683178,-80.2896737
2016,"291 KINGWOOD STREET, REEDSVILLE, WV 26547",39.52853662190125,-79.8587024754051
2016,"19366 BUFFALO ROAD, BUFFALO, WV 25033",38.60950447362859,-81.98833791613765
2016,"6580 HEIZER CREEK ROAD, POCA, WV 25159",38.53847651357887,-81.76828185146616
2016,"402 ELEANOR CIRCLE, ELEANOR, WV 25070",38.5340121,-81.922456
2016,"3350 JIM RIDGE ROAD, LIBERTY, WV 25124",38.659071379073055,-81.80478924318516
2016,"107 SCHOOL LANE, HOMETOWN, WV 25109",38.5360123,-81.8639669
2016,"128 HOO HOO HOLLOW RD, LESTER, WV 25865",37.740794808504404,-81.30555752099372
2016,"7264 COAL CITY ROAD, RHODELL, WV 25915",37.60781064558137,-81.30519257673137
2016,"388 WATER TANK HILL RD, SOPHIA, WV 25921",37.72838812696591,-81.24969961455639
2016,"471 GWINN STREET, LESTER, WV 25865",37.7330133,-81.3030848
2016,"110 WICKLINE AVENUE, SOPHIA, WV 25921",37.70791786203387,-81.26118744550621
2016,"12096 COAL RIVER ROAD, WHITESVILLE, WV 25209",37.9665740581882,-81.53535855911218
2016,"1 5TH STREET, ELKINS, WV 26241",38.927521327769796,-79.8500341888103
2016,"22476 ALLEGHENY HIGHWAY, ELKINS, WV 26241",38.9165837,-79.8414244
2016,"586 LITTLE ITALY RD., HARMAN, WV 26270",38.79325147256077,-79.54975722772974
2016,"429 MAIN STREET, BEVERLY, WV",38.84453214089723,-79.8720839190351
2016,"62 GAWTHROP STREET, SUITE 1, HUTTONSVILLE, WV 26273",38.71351368058606,-79.97803155080578
2016,"100 WEST CROWN AVE, PENNSBORO, WV 26415",39.28658480168684,-80.96690836560163
2016,"303 MASONIC AVENUE, PENNSBORO, WV 26415",39.284465297276824,-80.97002801872821
2016,"512 COLLINS AVENUE, PENNSBORO, WV 26415",39.28568643106718,-80.97251468221435
2016,"177 RAILROAD STREET, CAIRO, WV 26337",39.20903067911685,-81.15590377917614
2016,"4203 GLENDALE ROAD, GLENDALE, WV 26337",39.2862668,-81.1534618
2016,"16553 STAUNTON TPKE, SMITHVILLE, WV 26178",39.0736543,-81.0944391
2016,"12376 AUBURN ROAD, AUBURN, WV 26325",39.09355312476981,-80.85111371341952
2016,"13105 N SR 20, MEADOW BRIDGE, WV 25976",37.813132334470254,-80.81530809814643
2016,"66 CALVARY LANE, GRAFTON, WV 26354",39.32635583068458,-80.0401274290507
2016,"52 TRAP SPRINGS RD., GRAFTON, WV 26354",39.33875359423405,-80.06973882181376
2016,"824 SIMPSON RD., FLEMINGTON, WV 26347",39.26704853627348,-80.1177244557357
2016,"169 VICTORY AVE., GRAFTON, WV 26354",39.345593767430614,-80.00417301001596
2016,"1 W. MAIN ST., GRAFTON, WV 26354",39.34088975836249,-80.01900786706176
2016,"400 YATES AVE., GRAFTON, WV 26354",39.3390081,-80.0346393
2016,"114 DODD STREET, MIDDLEBOURNE, WV 26149",39.49268778972453,-80.90537130703785
2016,"219 OXFORD STREET, SISTERSVILLE, WV 26175",39.559461564059404,-81.00013663027562
2016,"12292 RT 20 SOUTH RD, ROCK CAVE, WV 26234",38.84324029146393,-80.33227611407932
2016,"264 BROOKS HILL RD, SELBYVILLE, WV 26236",38.756983917358184,-80.23424344314009
2016,"16 COLLEGE AVE, BUCKHANNON, WV 26201",38.98762734069629,-80.22318347784778
2016,"38 W MAIN ST, BUCKHANNON, WV 26201",38.993043681044924,-80.23389965002355
2016,"208 MORTON AVE, BUCKHANNON, WV 26201",39.00148884705908,-80.22188569371644
2016,"649 BRUSHY FORK RD, BUCKHANNON, WV 26201",38.995692948945646,-80.26158976053142
2016,"553 RT 20 SOUTH RD, BUCKHANNON, WV 26201",38.971308654572795,-80.2317138323977
2016,"7619 RT 20 SOUTH RD, FRENCH CREEK, WV 26218",38.891241148081576,-80.29221273358814
2016,"481 HEAVNER GROVE RD, BUCKHANNON, WV 26201",38.96629730990435,-80.16842766375612
2016,"918 TETER RD, BUCKHANNON, WV 26201",39.06419279789429,-80.1798283756732
2016,"5078 TALLMANSVILLE RD, BUCKHANNON, WV 26201",38.92333034310366,-80.18665822252939
2016,"500 PRICHARD ROAD, PRICHARD, WV 25555",38.243072,-82.5987944
2016,"700 B STREET, CEREDO, WV 25507",38.39754605971359,-82.55844334075726
2016,"4796 SMITH ST., LAVALETTE, WV 25535",38.32091141241645,-82.44797541929842
2016,"21269 RT 152, GENOA, WV 25517",38.124990998300916,-82.46163289450084
2016,"2561 MILL CREEK RD, FORT GAY, WV 25514",38.06821438166162,-82.51266639464086
2016,"32800 RT 152, DUNLOW, WV 25511",38.03223574647143,-82.42829490768247
2016,"19594 EAST LYNN ROAD, EAST LYNN, WV 25512",38.16430133511841,-82.38203479922777
2016,"7909 BEECH FORK RD, EAST LYNN, WV 25512",38.20142052888707,-82.28564082699114
2016,"4502 5TH STREET ROAD, HUNTINGTON, WV 25701",38.3910422,-82.4541146
2016,"1150 BEECH FORK RD, LAVALETTE, WV 25535",38.322364998056685,-82.44396660803244
2016,"3250 MILLERS FORK RD, WAYNE, WV 25570",38.239194,-82.372923
2016,"1 TIMBER WOLF DRIVE, HUNTINGTON, WV 25701",38.412645729027076,-82.32504284429302
2016,"4502 5TH ST RD, HUNTINGTON, WV 25701",38.3910422,-82.4541146
2016,"70 PARCOAL ROAD, WEBSTER SPRINGS, WV 26288",38.459213566423045,-80.37319081914717
2016,"9580 WEBSTER ROAD, CAMDEN ON GAULEY, WV 26208",38.36636573083263,-80.59564261652264
2016,"11 FAIRVIEW RIDGE RD, WILEYVILLE, WV 26581",39.63065790158119,-80.67323537135364
2016,"2501 SUGAR RUN RD, LITTLETON, WV 26581",39.682168,-80.523741
2016,"3490 HORNET HIGHWAY, HUNDRED, WV 26575",39.6831348,-80.4589123
2016,"66 STORE LANE, PORTERS FALLS, WV 26162",39.578879711640184,-80.77742294463275
2016,"9817 SHORTLINE HIGHWAY, READER, WV 26167",39.56960962241271,-80.72751688161105
2016,"44 LUMBERJACK LANE, PINE GROVE, WV 26419",39.564622217906276,-80.67814928858257
2016,"93 BUFFALO RUN RD, JACKSONBURG, WV 26377",39.53227655811497,-80.64328999953705
2016,"510 NORTH 2ND AVE, PADEN CITY, WV 26159",39.60963829890119,-80.92747493908763
2016,"120 PLUM ST, PROCTOR, WV 26055",39.712576,-80.824057
2016,"7847 PROCTOR CREEK RD, PROCTOR, WV 26055",39.7039498,-80.8178316
2016,"20 EAST BENJAMIN DR, NEW MARTINSVILLE, WV 26155",39.68063234823313,-80.85751291354114
2016,"2213 MOUNTAINEER HIGHWAY, NEW MARTINSVILLE, WV 26155",39.614435892295035,-80.84270551535099
2016,"108 FREED RD., BROHARD, WV 26138",39.0334089,-81.1702959
2016,"411 MULBERRY ST., ELIZABETH, WV 26143",39.064446996148035,-81.3959149560518
2016,"4362 NEWARK RD., ELIZABETH, WV 26143",39.1175504121299,-81.39872093036342
2016,"5131 GARFIELD RD., PALESTINE, WV 26160",39.01988,-81.417109
2016,"438 SCHOOLVIEW ST., ELIZABETH, WV 26143",39.06143439345698,-81.39752090592646
2016,"1 GOVERNMENT SQUARE, PARKERSBURG, WV 26101",39.26456091979071,-81.56288619127508
2016,"1134 LONG BRANCH RD, SIMON, WV 24882",37.61539080316936,-81.76566074338223
2020,"49 WATKINS ST, BELINGTON, WV 26250",39.02340901203911,-79.93549769693033
2020,"301, BELINGTON, WV 26250",39.025097,-79.9355873
2020,"84 GILL ST, CENTURY, WV 26201",39.099871296228514,-80.18990593239005
2020,"9880 EXCHANGE RD, EXCHANGE, WV 26619",38.7882590355116,-80.75421399137804
2020,"1640 FLORENCE AVE., HUNTINGTON, WV 25701",38.40136986539454,-82.47350407896346
2020,"530 ROBY RD., HUNTINGTON, WV 25705",38.40944857275008,-82.39833683031031
2020,"1913 E. MAIN ST, OAK HILL, WV 25901",37.9891838,-81.1341872
2020,"8006 GATEWOOD RD, FAYETTEVILLE, WV 25840",38.038890946107585,-81.07799901005887
2020,"170 SCHOOL ST, OAK HILL, WV 25901",37.97423259666715,-81.14957579920417
2020,"37 SCHOOL ST, PAX, WV 25904",37.911435160802434,-81.26416136043768
2020,"644 MAIN ST, MOUNT HOPE, WV 25880",37.89281069265422,-81.16788568200222
2020,"321 FOURTH AVE, MONTGOMERY, WV 25136",38.18144916385387,-81.32250511658845
2020,"200 W.MAPLE AVE, FAYETTEVILLE, WV 25840",38.05108796443375,-81.10582225518442
2020,"515 W. MAPLE AVE, FAYETTEVILLE, WV 25840",38.04744676016094,-81.11173618739787
2020,"6224 MEADOW BRIDGE RD, DANESE, WV 25831",37.92458921547411,-80.9023443639224
2020,"36 S MAIN STREET, PETERSBURG, WV 26847",38.98913390555333,-79.1244737515043
2020,"170 3RD ST, RENICK, WV 24966",37.991505617288055,-80.35340308913487
2020,"214 EAST WASHINGTON ST, LWSB. UMC, WV 24901",37.80101375848096,-80.44436311486572
2020,"175 SOUTH HIGH STREET, ROMNEY, WV 26757",39.34119662360149,-78.75698142388319
2020,"3393 MAIN ST., WEIRTON, WV 26062",40.401964621687966,-80.58940374878642
2020,"301 EAST MAIN ST MEETING ROOM, WARDENSVILLE, WV 26851",39.0803698996703,-78.59204208276736
2020,"8052 SOUTHERN AVE, STONEWOOD, WV 26301",39.25121250246684,-80.3136404843151
2020,"1302 BUCKHANNON PIKE, NUTTER FORT, WV 26301",39.260200300327654,-80.32438163579712
2020,"1655 PHILIPPI PIKE, CLARKSBURG, WV 26301",39.26646635502675,-80.30964096161262
2020,"OWINGS, WV",39.3795316,-80.2589744
2020,"429 SIMPSON STREET, SUMMIT PARK, WV",39.28813642735346,-80.30633599978243
2020,"200 TETRICK ROAD, SHINNSTON, WV 26431",39.404511777221785,-80.2869376050275
2020,"515 W MAIN ST PO BOX 178, ANMMORE, WV 26323",39.280761022760885,-80.25966833234537
2020,"1008 MARSHVILLE RD, SALEM, WV 26426",39.29889429893984,-80.48441184450348
2020,"501 ROSEBUD PLAZA, CLARKSBURG, WV 26301",39.263822694453665,-80.37335767516561
2020,"8576 LITTLE SANDY RD, RAVENSWOOD, WV 26164",38.99194539442544,-81.75139496579243
2020,"514 S RITCHIE AVE, RAVENSWOOD, WV 26164",38.954076218146724,-81.76262695592203
2020,"212 MULBERRY ST, RAVENSWOOD, WV 26164",38.94889519381877,-81.76142215799831
2020,"1 WALL ST, RAVENSWOOD, WV 26164",38.95059846815582,-81.76238622990843
2020,"1710 W WASHINGTON STREET, HARPERS FERRY, WV 25425",39.32255964879863,-77.75523395881339
2020,"3066 S CHILDS ROAD, KEARNEYSVILLE, WV 25430",39.30332205177854,-77.9544148886506
2020,"4257 KEARNEYSVILLE PIKE, SHEPHERDSTOWN, WV 25443",39.42268807769716,-77.82158896716737
2020,"100 FLORIDA ST, CHARLESTON, WV 25302",38.36519485077605,-81.6614907891792
2020,"16629 US HIGHWAY 19 S, WALKERSVILLE, WV 26447",38.87994563546283,-80.43471841401151
2020,"171 WEST SECOND ST, WESTON, WV 26452",39.041753382076706,-80.471571119207
2020,"150 ARMORY RD, MONAVILLE, WV 25636",37.81147625727823,-81.99591829352744
2020,"100 NAOMI STREET, FAIRMONT, WV",39.50074959005548,-80.13581806600149
2020,"301 FAIRMONT AVENUE, FAIRMONT, WV",39.48110856281551,-80.14767459400764
2020,"1493 LOCUST AVENUE, FAIRMONT, WV",39.47301618582725,-80.17282945475012
2020,"110 10TH STREET, FAIRMONT, WV",39.47116730106069,-80.14954243859927
2020,"1493 LOCUST AVE, FAIRMONT, WV 26554",39.47301618582725,-80.17282945475012
2020,"118 TYGART VALLEY MALL, WHITE HALL, WV",39.422034387370445,-80.18885040158995
2020,"1516 MARY LOU RETTON DRIVE, FAIRMONT, WV",39.46521367660114,-80.16115673648432
2020,"41 BLACKSHERE DRIVE, MANNINGTON, WV",39.5227095455092,-80.31789642217393
2020,"113 CLARKSBURG STREET, MANNINGTON, WV",39.52970189446148,-80.34437733260825
2020,"200 JASPER STREET, RIVESVILLE, WV",39.53064333307424,-80.11947286982985
2020,"200 JASPER STREET P O BOX 611, RIVESVILLE, WV 26588",39.53064333307424,-80.11947286982985
2020,"221 MASON STREET, FAIRMONT, WV",39.4785117,-80.1303689
2020,"2340 KINGMONT ROAD, KINGMONT, WV",39.445505,-80.174089
2020,"WV 310, FAIRMONT, WV",39.4788944,-80.1437203
2020,"2340 KINGMONT ROAD PLEASANT VALLEY RD, FAIRMONT, WV 26554",39.445444229215184,-80.17405152572894
2020,"2340 KINGMONT RD PLEASANT VALLEY ROAD, FAIRMONT, WV 26554",39.445444229215184,-80.17405152572894
2020,"750 TOMLINSON AVE, MOUNDSVILLE, WV",39.918198115847815,-80.74509128534282
2020,"223 TOMLINSON AVE, MOUNDSVILLE, WV",39.92303746870812,-80.7449553335972
2020,"1000 FAIRMONT PIKE, WHEELING, WV",40.03543040237116,-80.69389831747532
2020,"1300 WHEELING AVE, GLEN DALE, WV",39.941691863229494,-80.7543387555213
2020,"162 MIDDLE GRAVE CREEK RD, MOUNDSVILLE, WV",39.91975565673431,-80.71630782666415
2020,"622 MAIN STREET, BENWOOD, WV",40.01677645838845,-80.73478407551067
2020,"1000 FAIRMONT PIKE SHERRARD, WHEELING, WV 26003",40.03543040237116,-80.69389831747532
2020,"800 MARSHALL STREET, MCMECHEN, WV 26040",40.014355572295244,-80.73375804078461
2020,"169 SAND HILL ROAD, DALLAS, WV",39.991242038719975,-80.58230342406029
2020,"116 SCHOOL ROAD, MOUNDSVILLE, WV",39.8946579,-80.79268310930115
2020,"750 TOMLINSON AVE TOMLINSON AVE @ SEVENTH ST, MOUNDSVILLE, WV 26041",39.91860116296243,-80.74516599054164
2020,"12 CHURCH ST, CAMERON, WV",39.826196139488616,-80.56436027690376
2020,"808 3RD STREET, NEW HAVEN, WV 25265",38.98673386964891,-81.96549121226454
2020,"977 BLUE PRINCE RD, BLUEFIELD, WV 24701",37.30536691346475,-81.14340305178354
2020,"1003 WYOMING ST, BLUEFIELD, WV",37.27067383169964,-81.21737338926829
2020,"2620 BLAND RD, BLUEFIELD, WV 24701",37.25529245143986,-81.21175322664607
2020,"3811 E CUMBERLAND RD, BLUEFIELD, WV 24701",37.260992592491505,-81.18981152725576
2020,"3828 MATOAKA RD, LASHMEET, WV 24733",37.42032234274228,-81.19605967100836
2020,"3861 RED SULPHUR TURNPIKE, PRINCETON, WV 24740",37.43490274803071,-80.9657510697972
2020,"3358 GIATTO RD, ROCK, WV 24747",37.39694838475822,-81.28880293978074
2020,"236 NEMOURS VALLEY ROAD, NEMOURS, WV 24738",37.302054821087154,-81.30549747146512
2020,"223 THORN ST, PRINCETON, WV",37.37015465867984,-81.08200620858031
2020,"149 STATELY STREET, WILEY FORD, WV 26767",39.6191965,-78.7746657
2020,"231 NEWTON STREET, KEYSER, WV 26726",39.43347219387755,-78.98670623469388
2020,"1 ALUMNI DR, MORGANTOWN, WV 26506",39.6519335,-79.9633394
2020,"6226 MASON DIXON HWY, BLACKSVILLE, WV 26521",39.7200823,-80.2103462
2020,"1989 GRAFTON RD, MORGANTOWN, WV 26508",39.545014012627405,-79.93424240800891
2020,"235 GREENVILLE SCHOOL ROAD, GREENVILLE, WV 24945",37.541132812651625,-80.68321720004165
2020,"19 PINHOOK ROAD, PETERSTOWN, WV 24963",37.4103006921186,-80.79232080041146
2020,"2967 NETTIE FENWICK ROAD, FENWICK, WV 26202",38.21855079330368,-80.61154068719412
2020,"10 OAKFORD AVENUE, RICHWOOD, WV 26261",38.22438643546161,-80.53300398938944
2020,"379 BIRCH RIVER RD, BIRCH RIVER, WV",38.5001019,-80.7582617
2020,"18001 WEBSTER ROAD, CRAIGSVILLE, WV 26205",38.33125339938579,-80.65455030130323
2020,"8001 WEBSTER ROAD, CRAIGSVILLE, WV 26205",38.32028707425479,-80.79926363845237
2020,"2836 DIXIE HIGHWAY, DIXIE, WV 25059",38.26498120220492,-81.19868134933995
2020,"6035 SUMMERSVILLE LAKE ROAD, KESLERS CROSS LANES, WV 26675",38.2341906540463,-80.93481216915086
2020,"518 FULTON STREET, WHEELING, WV 26003",40.07594779227446,-80.7094552034336
2020,"373 NORTH FORK RD, WHEELING, WV 26003",40.15647556969162,-80.64052027832037
2020,"299 CONFEDERATE RD, FRANKLIN, WV 26807",38.6426868,-79.3289579
2020,"72 SNOWSHOE DRIVE, SLATY FORK, WV 26291",38.40351313206321,-79.99424812575921
2020,"13553 N PRESTON HWY, BRUCETON MILLS, WV 26525",39.63892886099569,-79.64375418740144
2020,"3075 MAPLE SPRING HWY, EGLON, WV 26716",39.29326701383047,-79.51441389539514
2020,"13 ELM ST, ROWLESBURG, WV 26425",39.34640534313007,-79.66760896142512
2020,"4430 TEAYS VALLEY ROAD P O BOX 270, SCOTT DEPOT, WV 25560",38.450203816675696,-81.92946904791614
2020,"1970 LESTER HIGHWAY, LESTER, WV 25865",37.729076738569916,-81.30782490216075
2020,"7115 COAL CITY ROAD, RHODELL, WV 25915",37.61161142370821,-81.30560309135569
2020,"700 COAL RIVER ROAD, GLEN DANIEL, WV 25844",37.79372971071069,-81.3355440063902
2020,"132 C AND O DAM RD, DANIELS, WV 25832",37.743053191459865,-81.12318883065711
2020,"2952 RITTER DRIVE, SHADY SPRING, WV 25918",37.70635049082523,-81.09870828737178
2020,"8871 ALLEGHENY HWY, BOWDEN, WV 26254",38.909232,-79.7006905
2020,"429 MAIN STREET, BEVERLY, WV 26253",38.84453214089723,-79.8720839190351
2020,"62 GAWTHROP STREET SUITE 1, HUTTONSVILLE, WV 26273",38.71351368058606,-79.97803155080578
2020,"110 CHURCH STREET, SPENCER, WV 25276",38.8006565,-81.3508275
2020,"229 BROADWAY ROAD PO BOX 70, PIPESTEM, WV 25979",37.53121993895644,-80.9570874954996
2020,"133 TALCOTT SCHOOL RD, TALCOTT, WV 24981",37.6531319,-80.7561213
2020,"1100 W. MAIN ST. GRAFTON, GRAFTON, WV",39.348037605456796,-80.0384763861532
2020,"47 E VETERANS MEMORIAL HWY, FLEMINGTON, WV 26347",39.2665469,-80.1319823
2020,"211 FIRST STREET, PARSONS, WV 26287",39.09647006221496,-79.68091576379311
2020,"MAIN STREET, SISTERSVILLE, WV 26175",39.5646397,-80.9966611
2020,"918 31ST STREET, PARKERSBURG, WV 26101",39.28729638076163,-81.54252487738353
2020,"6465 STAUNTON TURNPIKE, DAVISVILLE, WV 26101",39.199150516466034,-81.45934973370078
2020,"1511 BLIZZARD DR, PARKERSBURG, WV 26101",39.243905,-81.54877146034482
2020,"114 RED HILL CHURCH RD, PARKERSBURG, WV",39.247793446063326,-81.47307327195352
2020,"210 LUBECK RD, PARKERSBURG, WV 26101",39.235941885988666,-81.62901690421404
